model,test_year,test_observations,positive_events,roc_auc,pr_auc,precision,recall,f1,brier_score,true_positives,false_positives,false_negatives,true_negatives,note
logistic_regression,2000,76,0,Not estimable,Not estimable,0.0,0.0,0.0,0.2502,0,21,0,55,Single-class test fold
logistic_regression,2001,76,1,0.0800,0.0143,0.0,0.0,0.0,0.2449,0,16,1,59,Normal event incidence
logistic_regression,2002,76,1,0.3200,0.0192,0.0,0.0,0.0,0.2524,0,19,1,56,Normal event incidence
logistic_regression,2003,76,0,Not estimable,Not estimable,0.0,0.0,0.0,0.2525,0,25,0,51,Single-class test fold
logistic_regression,2004,76,0,Not estimable,Not estimable,0.0,0.0,0.0,0.2529,0,27,0,49,Single-class test fold
logistic_regression,2005,76,0,Not estimable,Not estimable,0.0,0.0,0.0,0.2532,0,32,0,44,Single-class test fold
logistic_regression,2006,76,1,0.8667,0.0909,0.0667,1.0,0.125,0.2416,1,14,0,61,Normal event incidence
logistic_regression,2007,76,15,0.6590,0.2743,0.2308,0.2,0.2143,0.2405,3,10,12,51,High crisis concentration (15 of 19 events)
logistic_regression,2008,76,1,0.2267,0.0169,0.0,0.0,0.0,0.2723,0,44,1,31,Normal event incidence
random_forest,2000,76,0,Not estimable,Not estimable,0.0,0.0,0.0,0.0928,0,10,0,66,Single-class test fold
random_forest,2001,76,1,0.8267,0.0714,0.0,0.0,0.0,0.1007,0,12,1,63,Normal event incidence
random_forest,2002,76,1,0.5867,0.0312,0.0,0.0,0.0,0.1318,0,18,1,57,Normal event incidence
random_forest,2003,76,0,Not estimable,Not estimable,0.0,0.0,0.0,0.1196,0,17,0,59,Single-class test fold
random_forest,2004,76,0,Not estimable,Not estimable,0.0,0.0,0.0,0.1391,0,19,0,57,Single-class test fold
random_forest,2005,76,0,Not estimable,Not estimable,0.0,0.0,0.0,0.1319,0,18,0,58,Single-class test fold
random_forest,2006,76,1,0.1733,0.0159,0.0,0.0,0.0,0.1851,0,24,1,51,Normal event incidence
random_forest,2007,76,15,0.3454,0.1554,0.1304,0.2,0.1579,0.2713,3,20,12,41,High crisis concentration (15 of 19 events)
random_forest,2008,76,1,0.7067,0.0435,0.0417,1.0,0.08,0.1992,1,23,0,52,Normal event incidence
