section,key,value
summary,candidate_countries,217.0
summary,included_countries,76.0
summary,excluded_countries,141.0
summary,earliest_panel_year,1990.0
summary,latest_panel_year,2025.0
summary,country_year_rows,2736.0
summary,input_missing_cells,0.0
summary,engineered_missing_cells,76.0
summary,positive_labels,44.0
summary,positive_label_rate,0.016082
summary,countries_with_positive_label,41.0
summary,countries_without_positive_label,35.0
summary,chronology_episodes_included_countries,68.0
summary,duplicate_country_year_rows,0.0
positive_labels_by_country,AUT,1.0
positive_labels_by_country,BEL,1.0
positive_labels_by_country,BOL,1.0
positive_labels_by_country,BRA,1.0
positive_labels_by_country,CHE,1.0
positive_labels_by_country,CHN,1.0
positive_labels_by_country,COL,1.0
positive_labels_by_country,CPV,1.0
positive_labels_by_country,CRI,1.0
positive_labels_by_country,CYP,1.0
positive_labels_by_country,DEU,1.0
positive_labels_by_country,DNK,1.0
positive_labels_by_country,DOM,1.0
positive_labels_by_country,ECU,1.0
positive_labels_by_country,ESP,1.0
positive_labels_by_country,FIN,1.0
positive_labels_by_country,FRA,1.0
positive_labels_by_country,GBR,1.0
positive_labels_by_country,GRC,1.0
positive_labels_by_country,HTI,1.0
positive_labels_by_country,HUN,2.0
positive_labels_by_country,IDN,1.0
positive_labels_by_country,IND,1.0
positive_labels_by_country,IRL,1.0
positive_labels_by_country,ISL,1.0
positive_labels_by_country,ITA,1.0
positive_labels_by_country,JAM,1.0
positive_labels_by_country,JPN,1.0
positive_labels_by_country,KEN,1.0
positive_labels_by_country,KOR,1.0
positive_labels_by_country,MEX,1.0
positive_labels_by_country,MYS,1.0
positive_labels_by_country,NGA,2.0
positive_labels_by_country,NLD,1.0
positive_labels_by_country,NOR,1.0
positive_labels_by_country,PHL,1.0
positive_labels_by_country,PRT,1.0
positive_labels_by_country,SWE,2.0
positive_labels_by_country,THA,1.0
positive_labels_by_country,TUR,1.0
positive_labels_by_country,URY,1.0
positive_labels_by_year,1990,5.0
positive_labels_by_year,1991,1.0
positive_labels_by_year,1992,2.0
positive_labels_by_year,1993,5.0
positive_labels_by_year,1994,0.0
positive_labels_by_year,1995,1.0
positive_labels_by_year,1996,6.0
positive_labels_by_year,1997,3.0
positive_labels_by_year,1998,0.0
positive_labels_by_year,1999,1.0
positive_labels_by_year,2000,0.0
positive_labels_by_year,2001,1.0
positive_labels_by_year,2002,1.0
positive_labels_by_year,2003,0.0
positive_labels_by_year,2004,0.0
positive_labels_by_year,2005,0.0
positive_labels_by_year,2006,1.0
positive_labels_by_year,2007,15.0
positive_labels_by_year,2008,1.0
positive_labels_by_year,2009,0.0
positive_labels_by_year,2010,1.0
positive_labels_by_year,2011,0.0
positive_labels_by_year,2012,0.0
positive_labels_by_year,2013,0.0
positive_labels_by_year,2014,0.0
positive_labels_by_year,2015,0.0
positive_labels_by_year,2016,0.0
positive_labels_by_year,2017,0.0
positive_labels_by_year,2018,0.0
positive_labels_by_year,2019,0.0
positive_labels_by_year,2020,0.0
positive_labels_by_year,2021,0.0
positive_labels_by_year,2022,0.0
positive_labels_by_year,2023,0.0
positive_labels_by_year,2024,0.0
positive_labels_by_year,2025,0.0
