observations,crises,roc_auc,pr_auc,precision,recall,f1,brier_score,true_negatives,false_positives,false_negatives,true_positives,false_negative_rate,test_year,training_start_year,training_end_year,model,threshold,negative_observations
76,0,,,0.0,0.0,0.0,0.09282193660062009,66,10,0,0,,2000,1990,1999,random_forest,0.5,76
76,1,0.8266666666666667,0.07142857142857142,0.0,0.0,0.0,0.1007031149561954,63,12,1,0,1.0,2001,1990,2000,random_forest,0.5,75
76,1,0.5866666666666667,0.03125,0.0,0.0,0.0,0.13181997333826934,57,18,1,0,1.0,2002,1990,2001,random_forest,0.5,75
76,0,,,0.0,0.0,0.0,0.11962659070194616,59,17,0,0,,2003,1990,2002,random_forest,0.5,76
76,0,,,0.0,0.0,0.0,0.13909574988612275,57,19,0,0,,2004,1990,2003,random_forest,0.5,76
76,0,,,0.0,0.0,0.0,0.1319070117966159,58,18,0,0,,2005,1990,2004,random_forest,0.5,76
76,1,0.17333333333333334,0.015873015873015872,0.0,0.0,0.0,0.1850803602130789,51,24,1,0,1.0,2006,1990,2005,random_forest,0.5,75
76,15,0.34535519125683056,0.1553527269227688,0.13043478260869565,0.2,0.15789473684210525,0.2712597709163696,41,20,12,3,0.8,2007,1990,2006,random_forest,0.5,61
76,1,0.7066666666666667,0.043478260869565216,0.041666666666666664,1.0,0.08,0.19924451888439126,52,23,0,1,0.0,2008,1990,2007,random_forest,0.5,75
