fold_index,test_year,train_start_year,train_end_year,train_years_count,train_observations,train_positive_labels,train_negative_labels,train_positive_rate_pct,test_observations,test_positive_labels,test_negative_labels,test_positive_rate_pct,leakage_check,train_has_both_classes
1,2000,1990,1999,10,760,24,736,3.16,76,0,76,0.0,PASSED,True
2,2001,1990,2000,11,836,24,812,2.87,76,1,75,1.32,PASSED,True
3,2002,1990,2001,12,912,25,887,2.74,76,1,75,1.32,PASSED,True
4,2003,1990,2002,13,988,26,962,2.63,76,0,76,0.0,PASSED,True
5,2004,1990,2003,14,1064,26,1038,2.44,76,0,76,0.0,PASSED,True
6,2005,1990,2004,15,1140,26,1114,2.28,76,0,76,0.0,PASSED,True
7,2006,1990,2005,16,1216,26,1190,2.14,76,1,75,1.32,PASSED,True
8,2007,1990,2006,17,1292,27,1265,2.09,76,15,61,19.74,PASSED,True
9,2008,1990,2007,18,1368,42,1326,3.07,76,1,75,1.32,PASSED,True
