test_year,train_end_year,feature,logistic_coefficient,logistic_odds_ratio,random_forest_importance,interpretation_note
2000,1999,gdp_growth,0.05845,1.060192,0.068325,Associative model parameter; non-causal
2000,1999,inflation,0.264973,1.303395,0.33324,Associative model parameter; non-causal
2000,1999,reserves_usd,0.27109,1.311393,0.180272,Associative model parameter; non-causal
2000,1999,reserves_usd_yoy_pct_change,-0.054204,0.947239,0.211777,Associative model parameter; non-causal
2000,1999,private_credit_pct_gdp,-0.087304,0.916398,0.115641,Associative model parameter; non-causal
2000,1999,current_account_pct_gdp,-0.006721,0.993301,0.090746,Associative model parameter; non-causal
2001,2000,gdp_growth,0.038692,1.039451,0.07706,Associative model parameter; non-causal
2001,2000,inflation,0.278974,1.321772,0.332768,Associative model parameter; non-causal
2001,2000,reserves_usd,0.278148,1.320682,0.165181,Associative model parameter; non-causal
2001,2000,reserves_usd_yoy_pct_change,-0.029871,0.970571,0.216466,Associative model parameter; non-causal
2001,2000,private_credit_pct_gdp,-0.098698,0.906016,0.112428,Associative model parameter; non-causal
2001,2000,current_account_pct_gdp,-0.026403,0.973942,0.096096,Associative model parameter; non-causal
2002,2001,gdp_growth,-0.011155,0.988907,0.118992,Associative model parameter; non-causal
2002,2001,inflation,0.274105,1.315353,0.32635,Associative model parameter; non-causal
2002,2001,reserves_usd,0.257846,1.294139,0.139648,Associative model parameter; non-causal
2002,2001,reserves_usd_yoy_pct_change,-0.010763,0.989295,0.219174,Associative model parameter; non-causal
2002,2001,private_credit_pct_gdp,-0.096182,0.908299,0.10635,Associative model parameter; non-causal
2002,2001,current_account_pct_gdp,-0.038727,0.962013,0.089486,Associative model parameter; non-causal
2003,2002,gdp_growth,0.01387,1.013966,0.110701,Associative model parameter; non-causal
2003,2002,inflation,0.294162,1.342002,0.35896,Associative model parameter; non-causal
2003,2002,reserves_usd,0.254987,1.290444,0.153422,Associative model parameter; non-causal
2003,2002,reserves_usd_yoy_pct_change,-0.130795,0.877397,0.180604,Associative model parameter; non-causal
2003,2002,private_credit_pct_gdp,-0.119309,0.887534,0.075016,Associative model parameter; non-causal
2003,2002,current_account_pct_gdp,-0.067226,0.934984,0.121296,Associative model parameter; non-causal
2004,2003,gdp_growth,0.010694,1.010752,0.114118,Associative model parameter; non-causal
2004,2003,inflation,0.301284,1.351593,0.374444,Associative model parameter; non-causal
2004,2003,reserves_usd,0.24903,1.28278,0.143777,Associative model parameter; non-causal
2004,2003,reserves_usd_yoy_pct_change,-0.137342,0.871672,0.16877,Associative model parameter; non-causal
2004,2003,private_credit_pct_gdp,-0.118467,0.888281,0.07668,Associative model parameter; non-causal
2004,2003,current_account_pct_gdp,-0.094903,0.909461,0.122212,Associative model parameter; non-causal
2005,2004,gdp_growth,-0.00313,0.996875,0.122416,Associative model parameter; non-causal
2005,2004,inflation,0.301042,1.351266,0.380815,Associative model parameter; non-causal
2005,2004,reserves_usd,0.21158,1.235629,0.136071,Associative model parameter; non-causal
2005,2004,reserves_usd_yoy_pct_change,-0.148235,0.862228,0.157547,Associative model parameter; non-causal
2005,2004,private_credit_pct_gdp,-0.097761,0.906866,0.068607,Associative model parameter; non-causal
2005,2004,current_account_pct_gdp,-0.108408,0.897262,0.134544,Associative model parameter; non-causal
2006,2005,gdp_growth,-0.005354,0.994661,0.122159,Associative model parameter; non-causal
2006,2005,inflation,0.302587,1.353355,0.385503,Associative model parameter; non-causal
2006,2005,reserves_usd,0.166224,1.180838,0.132093,Associative model parameter; non-causal
2006,2005,reserves_usd_yoy_pct_change,-0.147236,0.86309,0.156393,Associative model parameter; non-causal
2006,2005,private_credit_pct_gdp,-0.091579,0.912489,0.073878,Associative model parameter; non-causal
2006,2005,current_account_pct_gdp,-0.109073,0.896665,0.129974,Associative model parameter; non-causal
2007,2006,gdp_growth,-0.035676,0.964953,0.119072,Associative model parameter; non-causal
2007,2006,inflation,0.266253,1.305066,0.354186,Associative model parameter; non-causal
2007,2006,reserves_usd,0.062446,1.064437,0.120886,Associative model parameter; non-causal
2007,2006,reserves_usd_yoy_pct_change,-0.158097,0.853767,0.151451,Associative model parameter; non-causal
2007,2006,private_credit_pct_gdp,0.035091,1.035714,0.091395,Associative model parameter; non-causal
2007,2006,current_account_pct_gdp,-0.120656,0.886339,0.16301,Associative model parameter; non-causal
2008,2007,gdp_growth,-0.127668,0.880146,0.090146,Associative model parameter; non-causal
2008,2007,inflation,0.096273,1.101059,0.18331,Associative model parameter; non-causal
2008,2007,reserves_usd,-0.170843,0.842954,0.133434,Associative model parameter; non-causal
2008,2007,reserves_usd_yoy_pct_change,-0.044913,0.95608,0.257906,Associative model parameter; non-causal
2008,2007,private_credit_pct_gdp,0.5142,1.672301,0.224627,Associative model parameter; non-causal
2008,2007,current_account_pct_gdp,-0.046319,0.954737,0.110577,Associative model parameter; non-causal
