country_code,country_name,prediction_year,crisis_onset_year,evaluation_fold,is_2007_fold,forward_crisis_label,predicted_probability,predicted_class,detection_status,baseline_predicted_probability,baseline_detection_status,gdp_growth,inflation,reserves_usd,reserves_usd_yoy_pct_change,private_credit_pct_gdp,current_account_pct_gdp,official_imf_type,authoritative_source,mechanism_category,descriptive_profile,mechanism_notes
URY,Uruguay,2001,2002,2001,False,1,0.4263926077670286,0,Missed,0.444968712645774,Missed,-3.84412995940374,4.3593406521727,3099292334.44093,11.664620748041443,53.8538856752747,-2.38113794693639,systemic_banking,"IMF WP/26/94 (Laeven & Valencia, 2026)",Unknown / insufficient evidence,Descriptive Profile C: Lower private-credit / higher-inflation / weaker-reserve-dynamics configuration,"Official IMF source (Laeven & Valencia 2026, WP/26/94) records non-borderline systemic banking crisis onset in 2002. The source does not provide an official sub-mechanism taxonomy; empirical sub-mechanism is classified as Unknown / insufficient evidence."
DOM,Dominican Republic,2002,2003,2002,False,1,0.4635040581465204,0,Missed,0.4655424086580734,Missed,4.48650367045651,5.22336769759447,474683747.711389,-57.02409367254977,,-2.94021829945032,systemic_banking,"IMF WP/26/94 (Laeven & Valencia, 2026)",Unknown / insufficient evidence,Descriptive Profile C: Lower private-credit / higher-inflation / weaker-reserve-dynamics configuration,"Official IMF source (Laeven & Valencia 2026, WP/26/94) records non-borderline systemic banking crisis onset in 2003. The source does not provide an official sub-mechanism taxonomy; empirical sub-mechanism is classified as Unknown / insufficient evidence."
GBR,United Kingdom,2006,2007,2006,False,1,0.4558869106836969,0,Missed,0.50462953142723,Detected,2.18982132415704,2.4556616643929,63823577313.6433,7.928402011851632,153.471395323663,-3.10941980167091,systemic_banking,"IMF WP/26/94 (Laeven & Valencia, 2026)",Unknown / insufficient evidence,Descriptive Profile C: Lower private-credit / higher-inflation / weaker-reserve-dynamics configuration,"Official IMF source (Laeven & Valencia 2026, WP/26/94) records non-borderline systemic banking crisis onset in 2007. The source does not provide an official sub-mechanism taxonomy; empirical sub-mechanism is classified as Unknown / insufficient evidence."
AUT,Austria,2007,2008,2007,True,1,0.4444754767451886,0,Missed,0.4575576224950048,Missed,3.77522468729185,2.16855528800757,18193955715.2108,40.91595794410301,93.5025894904191,3.81348828635748,systemic_banking,"IMF WP/26/94 (Laeven & Valencia, 2026)",Unknown / insufficient evidence,Descriptive Profile B: High current-account-surplus configuration,"Official IMF source (Laeven & Valencia 2026, WP/26/94) records non-borderline systemic banking crisis onset in 2008. The source does not provide an official sub-mechanism taxonomy; empirical sub-mechanism is classified as Unknown / insufficient evidence."
BEL,Belgium,2007,2008,2007,True,1,0.465859350609817,0,Missed,0.4763209246254797,Missed,3.67692462515802,1.8230563002681,16485311239.2755,22.688862757638084,68.4438486940037,1.49569237465597,systemic_banking,"IMF WP/26/94 (Laeven & Valencia, 2026)",Unknown / insufficient evidence,Descriptive Profile B: High current-account-surplus configuration,"Official IMF source (Laeven & Valencia 2026, WP/26/94) records non-borderline systemic banking crisis onset in 2008. The source does not provide an official sub-mechanism taxonomy; empirical sub-mechanism is classified as Unknown / insufficient evidence."
CHE,Switzerland,2007,2008,2007,True,1,0.4730277185703897,0,Missed,0.4942865095169544,Missed,3.98319384807056,0.732350603122236,75172320982.2309,16.616658194650967,151.063646993445,8.62602411965998,systemic_banking,"IMF WP/26/94 (Laeven & Valencia, 2026)",Unknown / insufficient evidence,Descriptive Profile B: High current-account-surplus configuration,"Official IMF source (Laeven & Valencia 2026, WP/26/94) records non-borderline systemic banking crisis onset in 2008. The source does not provide an official sub-mechanism taxonomy; empirical sub-mechanism is classified as Unknown / insufficient evidence."
DEU,Germany,2007,2008,2007,True,1,0.4795473735022745,0,Missed,0.5048752572683408,Detected,2.8891174138025,2.29834400700951,135932292207.152,21.762694927325565,95.4983439670839,6.5154572948782,systemic_banking,"IMF WP/26/94 (Laeven & Valencia, 2026)",Unknown / insufficient evidence,Descriptive Profile B: High current-account-surplus configuration,"Official IMF source (Laeven & Valencia 2026, WP/26/94) records non-borderline systemic banking crisis onset in 2008. The source does not provide an official sub-mechanism taxonomy; empirical sub-mechanism is classified as Unknown / insufficient evidence."
DNK,Denmark,2007,2008,2007,True,1,0.5162885200832581,1,Detected,0.4990286069074199,Missed,0.987173815945127,1.69326586220324,34318338718.0697,10.40574179271292,184.0374247006,1.51196754347491,systemic_banking,"IMF WP/26/94 (Laeven & Valencia, 2026)",Unknown / insufficient evidence,Descriptive Profile A: High private-credit / external-deficit configuration,"Official IMF source (Laeven & Valencia 2026, WP/26/94) records non-borderline systemic banking crisis onset in 2008. The source does not provide an official sub-mechanism taxonomy; empirical sub-mechanism is classified as Unknown / insufficient evidence."
ESP,Spain,2007,2008,2007,True,1,0.5619226139351695,1,Detected,0.5028977696227259,Detected,3.53350013165972,2.7867974580495,19028952268.3672,-1.608048778779958,167.635941463016,-9.36792330694923,systemic_banking,"IMF WP/26/94 (Laeven & Valencia, 2026)",Unknown / insufficient evidence,Descriptive Profile A: High private-credit / external-deficit configuration,"Official IMF source (Laeven & Valencia 2026, WP/26/94) records non-borderline systemic banking crisis onset in 2008. The source does not provide an official sub-mechanism taxonomy; empirical sub-mechanism is classified as Unknown / insufficient evidence."
FRA,France,2007,2008,2007,True,1,0.5078241663534158,1,Detected,0.5054604484275614,Detected,2.53048188351066,1.4879980595386,115487080914.377,17.557068828763423,88.974306564356,-0.328279950461903,systemic_banking,"IMF WP/26/94 (Laeven & Valencia, 2026)",Unknown / insufficient evidence,Descriptive Profile A: High private-credit / external-deficit configuration,"Official IMF source (Laeven & Valencia 2026, WP/26/94) records non-borderline systemic banking crisis onset in 2008. The source does not provide an official sub-mechanism taxonomy; empirical sub-mechanism is classified as Unknown / insufficient evidence."
GRC,Greece,2007,2008,2007,True,1,0.53052795858022,1,Detected,0.4687200159094595,Missed,3.50686976639459,2.89500321516578,3647605325.12089,27.988237319152056,85.7984237428537,-14.1869570945958,systemic_banking,"IMF WP/26/94 (Laeven & Valencia, 2026)",Unknown / insufficient evidence,Descriptive Profile A: High private-credit / external-deficit configuration,"Official IMF source (Laeven & Valencia 2026, WP/26/94) records non-borderline systemic banking crisis onset in 2008. The source does not provide an official sub-mechanism taxonomy; empirical sub-mechanism is classified as Unknown / insufficient evidence."
HUN,Hungary,2007,2008,2007,True,1,0.5221819504788024,1,Detected,0.4990315771331812,Missed,0.332354337878925,7.9587451654491,24052210871.1505,11.40489681193786,53.1980228492073,-7.2863644008897,systemic_banking,"IMF WP/26/94 (Laeven & Valencia, 2026)",Unknown / insufficient evidence,Descriptive Profile A: High private-credit / external-deficit configuration,"Official IMF source (Laeven & Valencia 2026, WP/26/94) records non-borderline systemic banking crisis onset in 2008. The source does not provide an official sub-mechanism taxonomy; empirical sub-mechanism is classified as Unknown / insufficient evidence."
IRL,Ireland,2007,2008,2007,True,1,0.5214544204546142,1,Detected,0.4821385975321153,Missed,5.31011830898613,4.88574537540802,925477308.062552,11.248665755342092,158.099129709618,-5.12758716999565,systemic_banking,"IMF WP/26/94 (Laeven & Valencia, 2026)",Unknown / insufficient evidence,Descriptive Profile A: High private-credit / external-deficit configuration,"Official IMF source (Laeven & Valencia 2026, WP/26/94) records non-borderline systemic banking crisis onset in 2008. The source does not provide an official sub-mechanism taxonomy; empirical sub-mechanism is classified as Unknown / insufficient evidence."
ISL,Iceland,2007,2008,2007,True,1,0.5700991448240483,1,Detected,0.473665921946668,Missed,8.74132941862472,5.05155736492143,2631913597.34891,12.36808362395676,243.15494776409,-13.6329211934758,systemic_banking,"IMF WP/26/94 (Laeven & Valencia, 2026)",Unknown / insufficient evidence,Descriptive Profile A: High private-credit / external-deficit configuration,"Official IMF source (Laeven & Valencia 2026, WP/26/94) records non-borderline systemic banking crisis onset in 2008. The source does not provide an official sub-mechanism taxonomy; empirical sub-mechanism is classified as Unknown / insufficient evidence."
ITA,Italy,2007,2008,2007,True,1,0.50179880416493,1,Detected,0.4964107506228228,Missed,1.46229205289291,1.82974112202403,94108647218.6732,24.19759355285582,81.4531164394226,-1.35566295251184,systemic_banking,"IMF WP/26/94 (Laeven & Valencia, 2026)",Unknown / insufficient evidence,Descriptive Profile A: High private-credit / external-deficit configuration,"Official IMF source (Laeven & Valencia 2026, WP/26/94) records non-borderline systemic banking crisis onset in 2008. The source does not provide an official sub-mechanism taxonomy; empirical sub-mechanism is classified as Unknown / insufficient evidence."
NLD,Netherlands,2007,2008,2007,True,1,0.4694466524987711,0,Missed,0.4885282512510286,Missed,3.88542348324803,1.61385859802102,26928024023.4142,12.65874104468818,112.717594636907,5.86450821149172,systemic_banking,"IMF WP/26/94 (Laeven & Valencia, 2026)",Unknown / insufficient evidence,Descriptive Profile B: High current-account-surplus configuration,"Official IMF source (Laeven & Valencia 2026, WP/26/94) records non-borderline systemic banking crisis onset in 2008. The source does not provide an official sub-mechanism taxonomy; empirical sub-mechanism is classified as Unknown / insufficient evidence."
PRT,Portugal,2007,2008,2007,True,1,0.539993474202618,1,Detected,0.4845516243917619,Missed,2.50657937751231,2.45396528138746,11512068377.0956,16.486520183526963,142.235675042564,-9.65792414363098,systemic_banking,"IMF WP/26/94 (Laeven & Valencia, 2026)",Unknown / insufficient evidence,Descriptive Profile A: High private-credit / external-deficit configuration,"Official IMF source (Laeven & Valencia 2026, WP/26/94) records non-borderline systemic banking crisis onset in 2008. The source does not provide an official sub-mechanism taxonomy; empirical sub-mechanism is classified as Unknown / insufficient evidence."
SWE,Sweden,2007,2008,2007,True,1,0.4636865951391086,0,Missed,0.493052688590713,Missed,3.22486814096095,2.21216883436733,31033035734.4712,10.764151737376723,111.25228893146,8.14767813080377,systemic_banking,"IMF WP/26/94 (Laeven & Valencia, 2026)",Unknown / insufficient evidence,Descriptive Profile B: High current-account-surplus configuration,"Official IMF source (Laeven & Valencia 2026, WP/26/94) records non-borderline systemic banking crisis onset in 2008. The source does not provide an official sub-mechanism taxonomy; empirical sub-mechanism is classified as Unknown / insufficient evidence."
NGA,Nigeria,2008,2009,2008,False,1,0.2978483728242435,0,Missed,0.4865042829580712,Missed,6.76447277784263,11.583054796681,53598093556.5368,3.259591580998622,18.6330147009187,8.58534493307948,systemic_banking,"IMF WP/26/94 (Laeven & Valencia, 2026)",Unknown / insufficient evidence,Descriptive Profile C: Lower private-credit / higher-inflation / weaker-reserve-dynamics configuration,"Official IMF source (Laeven & Valencia 2026, WP/26/94) records non-borderline systemic banking crisis onset in 2009. The source does not provide an official sub-mechanism taxonomy; empirical sub-mechanism is classified as Unknown / insufficient evidence."
