,gdp_growth,inflation,reserves_usd,reserves_usd_yoy_pct_change,private_credit_pct_gdp,private_credit_growth,current_account_pct_gdp,exchange_rate_depreciation,unemployment_rate_ilo
gdp_growth,1.0,0.1298,-0.0694,0.0891,-0.171,-0.0567,-0.0324,-0.0822,-0.1558
inflation,0.1298,1.0,-0.1569,0.0427,-0.472,-0.0008,-0.1845,0.3102,-0.0265
reserves_usd,-0.0694,-0.1569,1.0,0.001,0.3655,-0.035,0.5318,-0.0907,-0.0577
reserves_usd_yoy_pct_change,0.0891,0.0427,0.001,1.0,-0.0788,-0.0752,0.1041,-0.1502,-0.029
private_credit_pct_gdp,-0.171,-0.472,0.3655,-0.0788,1.0,-0.0173,0.1901,-0.2156,-0.057
private_credit_growth,-0.0567,-0.0008,-0.035,-0.0752,-0.0173,1.0,-0.1441,-0.0195,-0.0708
current_account_pct_gdp,-0.0324,-0.1845,0.5318,0.1041,0.1901,-0.1441,1.0,-0.0953,-0.1692
exchange_rate_depreciation,-0.0822,0.3102,-0.0907,-0.1502,-0.2156,-0.0195,-0.0953,1.0,0.0527
unemployment_rate_ilo,-0.1558,-0.0265,-0.0577,-0.029,-0.057,-0.0708,-0.1692,0.0527,1.0
