country_code,country_name,prediction_year,crisis_onset_year,evaluation_fold,detection_status,official_imf_type,authoritative_source,mechanism_category,mechanism_notes
URY,Uruguay,2001,2002,2001,Missed,systemic_banking,"IMF WP/26/94 (Laeven & Valencia, 2026)",Unknown / insufficient evidence,"Official IMF source (Laeven & Valencia 2026, WP/26/94) records non-borderline systemic banking crisis onset in 2002. The source does not provide an official sub-mechanism taxonomy; empirical sub-mechanism is classified as Unknown / insufficient evidence."
DOM,Dominican Republic,2002,2003,2002,Missed,systemic_banking,"IMF WP/26/94 (Laeven & Valencia, 2026)",Unknown / insufficient evidence,"Official IMF source (Laeven & Valencia 2026, WP/26/94) records non-borderline systemic banking crisis onset in 2003. The source does not provide an official sub-mechanism taxonomy; empirical sub-mechanism is classified as Unknown / insufficient evidence."
GBR,United Kingdom,2006,2007,2006,Missed,systemic_banking,"IMF WP/26/94 (Laeven & Valencia, 2026)",Unknown / insufficient evidence,"Official IMF source (Laeven & Valencia 2026, WP/26/94) records non-borderline systemic banking crisis onset in 2007. The source does not provide an official sub-mechanism taxonomy; empirical sub-mechanism is classified as Unknown / insufficient evidence."
AUT,Austria,2007,2008,2007,Missed,systemic_banking,"IMF WP/26/94 (Laeven & Valencia, 2026)",Unknown / insufficient evidence,"Official IMF source (Laeven & Valencia 2026, WP/26/94) records non-borderline systemic banking crisis onset in 2008. The source does not provide an official sub-mechanism taxonomy; empirical sub-mechanism is classified as Unknown / insufficient evidence."
BEL,Belgium,2007,2008,2007,Missed,systemic_banking,"IMF WP/26/94 (Laeven & Valencia, 2026)",Unknown / insufficient evidence,"Official IMF source (Laeven & Valencia 2026, WP/26/94) records non-borderline systemic banking crisis onset in 2008. The source does not provide an official sub-mechanism taxonomy; empirical sub-mechanism is classified as Unknown / insufficient evidence."
CHE,Switzerland,2007,2008,2007,Missed,systemic_banking,"IMF WP/26/94 (Laeven & Valencia, 2026)",Unknown / insufficient evidence,"Official IMF source (Laeven & Valencia 2026, WP/26/94) records non-borderline systemic banking crisis onset in 2008. The source does not provide an official sub-mechanism taxonomy; empirical sub-mechanism is classified as Unknown / insufficient evidence."
DEU,Germany,2007,2008,2007,Missed,systemic_banking,"IMF WP/26/94 (Laeven & Valencia, 2026)",Unknown / insufficient evidence,"Official IMF source (Laeven & Valencia 2026, WP/26/94) records non-borderline systemic banking crisis onset in 2008. The source does not provide an official sub-mechanism taxonomy; empirical sub-mechanism is classified as Unknown / insufficient evidence."
DNK,Denmark,2007,2008,2007,Detected,systemic_banking,"IMF WP/26/94 (Laeven & Valencia, 2026)",Unknown / insufficient evidence,"Official IMF source (Laeven & Valencia 2026, WP/26/94) records non-borderline systemic banking crisis onset in 2008. The source does not provide an official sub-mechanism taxonomy; empirical sub-mechanism is classified as Unknown / insufficient evidence."
ESP,Spain,2007,2008,2007,Detected,systemic_banking,"IMF WP/26/94 (Laeven & Valencia, 2026)",Unknown / insufficient evidence,"Official IMF source (Laeven & Valencia 2026, WP/26/94) records non-borderline systemic banking crisis onset in 2008. The source does not provide an official sub-mechanism taxonomy; empirical sub-mechanism is classified as Unknown / insufficient evidence."
FRA,France,2007,2008,2007,Detected,systemic_banking,"IMF WP/26/94 (Laeven & Valencia, 2026)",Unknown / insufficient evidence,"Official IMF source (Laeven & Valencia 2026, WP/26/94) records non-borderline systemic banking crisis onset in 2008. The source does not provide an official sub-mechanism taxonomy; empirical sub-mechanism is classified as Unknown / insufficient evidence."
GRC,Greece,2007,2008,2007,Detected,systemic_banking,"IMF WP/26/94 (Laeven & Valencia, 2026)",Unknown / insufficient evidence,"Official IMF source (Laeven & Valencia 2026, WP/26/94) records non-borderline systemic banking crisis onset in 2008. The source does not provide an official sub-mechanism taxonomy; empirical sub-mechanism is classified as Unknown / insufficient evidence."
HUN,Hungary,2007,2008,2007,Detected,systemic_banking,"IMF WP/26/94 (Laeven & Valencia, 2026)",Unknown / insufficient evidence,"Official IMF source (Laeven & Valencia 2026, WP/26/94) records non-borderline systemic banking crisis onset in 2008. The source does not provide an official sub-mechanism taxonomy; empirical sub-mechanism is classified as Unknown / insufficient evidence."
IRL,Ireland,2007,2008,2007,Detected,systemic_banking,"IMF WP/26/94 (Laeven & Valencia, 2026)",Unknown / insufficient evidence,"Official IMF source (Laeven & Valencia 2026, WP/26/94) records non-borderline systemic banking crisis onset in 2008. The source does not provide an official sub-mechanism taxonomy; empirical sub-mechanism is classified as Unknown / insufficient evidence."
ISL,Iceland,2007,2008,2007,Detected,systemic_banking,"IMF WP/26/94 (Laeven & Valencia, 2026)",Unknown / insufficient evidence,"Official IMF source (Laeven & Valencia 2026, WP/26/94) records non-borderline systemic banking crisis onset in 2008. The source does not provide an official sub-mechanism taxonomy; empirical sub-mechanism is classified as Unknown / insufficient evidence."
ITA,Italy,2007,2008,2007,Detected,systemic_banking,"IMF WP/26/94 (Laeven & Valencia, 2026)",Unknown / insufficient evidence,"Official IMF source (Laeven & Valencia 2026, WP/26/94) records non-borderline systemic banking crisis onset in 2008. The source does not provide an official sub-mechanism taxonomy; empirical sub-mechanism is classified as Unknown / insufficient evidence."
NLD,Netherlands,2007,2008,2007,Missed,systemic_banking,"IMF WP/26/94 (Laeven & Valencia, 2026)",Unknown / insufficient evidence,"Official IMF source (Laeven & Valencia 2026, WP/26/94) records non-borderline systemic banking crisis onset in 2008. The source does not provide an official sub-mechanism taxonomy; empirical sub-mechanism is classified as Unknown / insufficient evidence."
PRT,Portugal,2007,2008,2007,Detected,systemic_banking,"IMF WP/26/94 (Laeven & Valencia, 2026)",Unknown / insufficient evidence,"Official IMF source (Laeven & Valencia 2026, WP/26/94) records non-borderline systemic banking crisis onset in 2008. The source does not provide an official sub-mechanism taxonomy; empirical sub-mechanism is classified as Unknown / insufficient evidence."
SWE,Sweden,2007,2008,2007,Missed,systemic_banking,"IMF WP/26/94 (Laeven & Valencia, 2026)",Unknown / insufficient evidence,"Official IMF source (Laeven & Valencia 2026, WP/26/94) records non-borderline systemic banking crisis onset in 2008. The source does not provide an official sub-mechanism taxonomy; empirical sub-mechanism is classified as Unknown / insufficient evidence."
NGA,Nigeria,2008,2009,2008,Missed,systemic_banking,"IMF WP/26/94 (Laeven & Valencia, 2026)",Unknown / insufficient evidence,"Official IMF source (Laeven & Valencia 2026, WP/26/94) records non-borderline systemic banking crisis onset in 2009. The source does not provide an official sub-mechanism taxonomy; empirical sub-mechanism is classified as Unknown / insufficient evidence."
