subset_key,subset_description,model,folds_count,observations,crises,pr_auc,roc_auc,precision,recall,f1,brier_score,true_positives,false_positives,false_negatives,true_negatives,false_negative_rate
pooled_2000_2008,Pooled Out-of-Sample (2000-2008),extended_logistic_regression,9,684,19,0.03440373792523073,0.5734072022160666,0.04591836734693878,0.47368421052631576,0.08372093023255814,0.24822434205969904,9,187,10,478,0.5263157894736842
excluding_2007,"Excluding 2007 Test Fold (2000-2006, 2008)",extended_logistic_regression,8,608,4,0.005079780061783145,0.2301324503311258,0.0,0.0,0.0,0.24961062028028055,0,167,4,437,1.0
pre_gfc_2000_2006,Pre-GFC Historical Period (2000-2006),extended_logistic_regression,7,532,3,0.005122142676138357,0.29363579080025204,0.0,0.0,0.0,0.24270882641977423,0,132,3,397,1.0
gfc_2007,2007 GFC Test Fold (Forecasting 2008),extended_logistic_regression,1,76,15,0.264720377699605,0.6469945355191257,0.3103448275862069,0.6,0.4090909090909091,0.23713411629504721,9,20,6,41,0.4
post_gfc_2008,2008 Test Fold (Forecasting 2009),extended_logistic_regression,1,76,1,0.013888888888888888,0.053333333333333344,0.0,0.0,0.0,0.2979231773038244,0,35,1,40,1.0
pooled_2000_2008,Pooled Out-of-Sample (2000-2008),baseline_logistic_regression,9,684,19,0.027787870497955384,0.5106450336367234,0.018867924528301886,0.21052631578947367,0.03463203463203463,0.2511748981873887,4,208,15,457,0.7894736842105263
excluding_2007,"Excluding 2007 Test Fold (2000-2006, 2008)",baseline_logistic_regression,8,608,4,0.006523153875319496,0.38451986754966894,0.005025125628140704,0.25,0.009852216748768473,0.25251399714183614,1,198,3,406,0.75
pre_gfc_2000_2006,Pre-GFC Historical Period (2000-2006),baseline_logistic_regression,7,532,3,0.0062739286920607505,0.3654694391934467,0.0064516129032258064,0.3333333333333333,0.012658227848101266,0.24968897256270486,1,154,2,375,0.6666666666666666
gfc_2007,2007 GFC Test Fold (Forecasting 2008),baseline_logistic_regression,1,76,15,0.2742677557787503,0.659016393442623,0.23076923076923078,0.2,0.21428571428571427,0.24046210655180944,3,10,12,51,0.8
post_gfc_2008,2008 Test Fold (Forecasting 2009),baseline_logistic_regression,1,76,1,0.01694915254237288,0.22666666666666668,0.0,0.0,0.0,0.2722891691957553,0,44,1,31,1.0
