variable,group_key,group_label,count,mean,std,median,iqr,min,max
gdp_growth,crisis_2007,2007 Crisis Events (N=15),15,3.3563634194624674,1.9604134304014653,3.50686976639459,1.3117934547584547,0.332354337878925,8.74132941862472
gdp_growth,crisis_non_2007,Non-2007 Crisis Events (N=4),4,2.39916695326311,4.561997057035176,3.338162497306775,4.374662444036195,-3.84412995940374,6.76447277784263
gdp_growth,non_crisis,Non-Crisis Observations (N=665),665,4.137776106457157,3.359430635685564,3.93393162712054,3.66706278439117,-11.1773097061784,26.6368742306114
inflation,crisis_2007,2007 Crisis Events (N=15),15,2.792743502329529,1.8454714657544868,2.21216883436733,1.08273925537197,0.732350603122236,7.9587451654491
inflation,crisis_non_2007,Non-2007 Crisis Events (N=4),4,5.9053562027102675,3.9577740433770745,4.791354174883585,2.9298685671383518,2.4556616643929,11.583054796681
inflation,non_crisis,Non-Crisis Observations (N=665),665,4.8627349180124035,6.693823338391664,3.36540196171993,4.29041644917281,-9.79764705882356,96.0963756926096
reserves_usd,crisis_2007,2007 Crisis Events (N=15),15,40630482300.00134,43196027948.93453,24052210871.1505,40746640041.96475,925477308.062552,135932292207.152
reserves_usd,crisis_non_2007,Non-2007 Crisis Events (N=4),4,30248911738.083107,33146387165.055027,28348692945.488865,53711324308.05488,474683747.711389,63823577313.6433
reserves_usd,non_crisis,Non-Crisis Observations (N=665),665,45684537467.60047,147135028350.7129,10383091414.6763,32723595481.75905,23759782.4929206,1966037431070.11
reserves_usd_yoy_pct_change,crisis_2007,2007 Crisis Events (N=15),15,17.030388379683362,9.759928986950497,16.486520183526963,10.898997558841847,-1.608048778779958,40.91595794410301
reserves_usd_yoy_pct_change,crisis_non_2007,Non-2007 Crisis Events (N=4),4,-8.542869832914517,32.5031928287019,5.593996796425127,20.67378642828756,-57.02409367254977,11.664620748041443
reserves_usd_yoy_pct_change,non_crisis,Non-Crisis Observations (N=665),665,13.96979396318455,32.62098561761238,9.661368972991657,27.02804298872933,-90.16989675267352,437.084574505802
private_credit_pct_gdp,crisis_2007,2007 Crisis Events (N=15),15,122.47102006593641,51.079203353284754,111.25228893146,67.19502319792664,53.1980228492073,243.15494776409
private_credit_pct_gdp,crisis_non_2007,Non-2007 Crisis Events (N=4),3,75.31943189995212,69.93514480062107,53.8538856752747,67.41919031137213,18.6330147009187,153.471395323663
private_credit_pct_gdp,non_crisis,Non-Crisis Observations (N=665),570,66.03271858252178,44.94785781995649,53.7271143856609,68.45111149883603,5.96563998570152,301.018943583666
current_account_pct_gdp,crisis_2007,2007 Crisis Events (N=15),15,-1.664586950079258,7.767277073643401,-0.328279950461903,13.166142102844065,-14.1869570945958,8.62602411965998
current_account_pct_gdp,crisis_non_2007,Non-2007 Crisis Events (N=4),4,0.038642221255464904,5.706293829585172,-2.660678123193355,3.3430014480730446,-3.10941980167091,8.58534493307948
current_account_pct_gdp,non_crisis,Non-Crisis Observations (N=665),635,-0.8805248402336016,9.680197283503365,-0.962244945077225,8.421057169783875,-36.197096036622,41.906588061326
predicted_probability,crisis_2007,2007 Crisis Events (N=15),15,0.5045422813428417,0.037700787070628204,0.5078241663534158,0.055117768994930816,0.4444754767451886,0.5700991448240483
predicted_probability,crisis_non_2007,Non-2007 Crisis Events (N=4),4,0.4109079873553724,0.07705344490171154,0.44113975922536275,0.06353464851807045,0.2978483728242435,0.4635040581465204
predicted_probability,non_crisis,Non-Crisis Observations (N=665),665,0.48744006670468604,0.10026243521295318,0.4733099199502812,0.06503823543365533,0.0260303746668422,0.9829046383851144
