subset_key,subset_description,variable,detected_count,detected_mean,detected_median,missed_count,missed_mean,missed_median
all_crises,All Evaluation Crises (N=19),gdp_growth,9,3.2122998992672325,2.53048188351066,10,3.103142001158435,3.726074656224935
all_crises,All Evaluation Crises (N=19),inflation,9,3.449202100460796,2.7867974580495,10,3.4469758441636835,2.2552564206884202
all_crises,All Evaluation Crises (N=19),reserves_usd,9,33968032733.14061,19028952268.3672,10,42474058685.4087,28980529878.9427
all_crises,All Evaluation Crises (N=19),reserves_usd_yoy_pct_change,9,14.449862121051991,12.36808362395676,10,9.123558727412446,12.16168089636481
all_crises,All Evaluation Crises (N=19),private_credit_pct_gdp,9,133.84299869730307,142.235675042564,9,95.38184537924167,95.4983439670839
all_crises,All Evaluation Crises (N=19),current_account_pct_gdp,9,-6.603516963226221,-7.2863644008897,10,3.4617417302868985,4.8389982489246
all_crises,All Evaluation Crises (N=19),predicted_probability,9,0.5302323392307863,0.5221819504788024,10,0.4439675116487039,0.4635953266428145
2007_gfc_fold,2007 GFC Fold Crises (N=15),gdp_growth,9,3.2122998992672325,2.53048188351066,6,3.5724586997553183,3.726074656224935
2007_gfc_fold,2007 GFC Fold Crises (N=15),inflation,9,3.449202100460796,2.7867974580495,6,1.8080556051326273,1.9958057941378349
2007_gfc_fold,2007 GFC Fold Crises (N=15),reserves_usd,9,33968032733.14061,19028952268.3672,6,50624156650.29243,28980529878.9427
2007_gfc_fold,2007 GFC Fold Crises (N=15),reserves_usd_yoy_pct_change,9,14.449862121051991,12.36808362395676,6,20.901177767630422,19.189676560988268
2007_gfc_fold,2007 GFC Fold Crises (N=15),private_credit_pct_gdp,9,133.84299869730307,142.235675042564,6,105.41305211888645,103.37531644927195
2007_gfc_fold,2007 GFC Fold Crises (N=15),current_account_pct_gdp,9,-6.603516963226221,-7.2863644008897,6,5.743808069641187,6.18998275318496
2007_gfc_fold,2007 GFC Fold Crises (N=15),predicted_probability,9,0.5302323392307863,0.5221819504788024,6,0.4660071945109249,0.467653001554294
non_2007_folds,Non-2007 Crises (N=4),gdp_growth,0,,,4,2.39916695326311,3.338162497306775
non_2007_folds,Non-2007 Crises (N=4),inflation,0,,,4,5.9053562027102675,4.791354174883585
non_2007_folds,Non-2007 Crises (N=4),reserves_usd,0,,,4,30248911738.083107,28348692945.488865
non_2007_folds,Non-2007 Crises (N=4),reserves_usd_yoy_pct_change,0,,,4,-8.542869832914517,5.593996796425127
non_2007_folds,Non-2007 Crises (N=4),private_credit_pct_gdp,0,,,3,75.31943189995212,53.8538856752747
non_2007_folds,Non-2007 Crises (N=4),current_account_pct_gdp,0,,,4,0.038642221255464904,-2.660678123193355
non_2007_folds,Non-2007 Crises (N=4),predicted_probability,0,,,4,0.4109079873553724,0.44113975922536275
