country_code,source_country_name
ARG,Argentina
AUS,Australia
AUT,Austria
BGD,Bangladesh
BEL,Belgium
BOL,Bolivia
BRA,Brazil
CAN,Canada
CHE,Switzerland
CHL,Chile
CHN,China
COL,Colombia
CRI,Costa Rica
CZE,Czech Republic
DEU,Germany
DNK,Denmark
EGY,Egypt
ESP,Spain
FIN,Finland
FRA,France
GBR,United Kingdom
GHA,Ghana
GRC,Greece
HUN,Hungary
IDN,Indonesia
IND,India
IRL,Ireland
ISL,Iceland
ITA,Italy
JPN,Japan
KEN,Kenya
KOR,Korea
MAR,Morocco
MEX,Mexico
MYS,Malaysia
NLD,Netherlands
NGA,Nigeria
NOR,Norway
NZL,New Zealand
PER,Peru
PHL,Philippines
POL,Poland
PRT,Portugal
RUS,Russia
SEN,Senegal
SWE,Sweden
THA,Thailand
TUN,Tunisia
TUR,Türkiye
TZA,Tanzania
UGA,Uganda
URY,Uruguay
USA,United States
VNM,Vietnam
ZAF,South Africa
